epoch,loss,mae,mse
0,2831.2712325473276,43.35421,2831.271
1,2861.145242763106,43.74863,2861.1455
2,2817.778682526173,43.3303,2817.7786
3,2859.4754813936556,43.391476,2859.4753
4,2905.0299548862563,44.25958,2905.0303
5,2758.2130800338477,42.71863,2758.213
6,2791.115475440806,43.166656,2791.1155
7,2771.3080827150898,42.849316,2771.3083
8,2760.370731536327,42.539692,2760.3706
9,2783.879341644364,42.61418,2783.8794
